,putative_gene_target
1;Erlotinib;GDSC1,EGFR
3;Rapamycin;GDSC1,MTOR
5;Sunitinib;GDSC1,CSF1R;FLT1;FLT3;KIT;PDGFRA;RET
6;PHA-665752;GDSC1,MET
9;MG-132;GDSC1,
11;Paclitaxel;GDSC1,
17;Cyclopamine;GDSC1,SMO
29;AZ628;GDSC1,BRAF
30;Sorafenib;GDSC1,FLT1;KIT;PDGFRA;RAF1
32;Tozasertib;GDSC1,AURKA;AURKB;AURKC
34;Imatinib;GDSC1,ABL1;KIT;PDGFRA
35;NVP-TAE684;GDSC1,ALK
37;Crizotinib;GDSC1,ALK;MET;ROS1
38;Saracatinib;GDSC1,ABL1;SRC
41;S-Trityl-L-cysteine;GDSC1,KIF11
45;Z-LLNle-CHO;GDSC1,
51;Dasatinib;GDSC1,ABL1;KIT;PDGFRA;PDGFRB;SRC
52;GNF-2;GDSC1,ABL1
53;CGP-60474;GDSC1,CDK1;CDK2;CDK5;CDK7;CDK9;PRKCA
54;CGP-082996;GDSC1,CDK4
55;A-770041;GDSC1,FYN;LCK
56;WH-4-023;GDSC1,LCK;SRC
59;WZ-1-84;GDSC1,BMX
60;BI-2536;GDSC1,PLK1;PLK2;PLK3
62;BMS-536924;GDSC1,IGF1R;INSR
63;BMS-509744;GDSC1,ITK
64;CMK;GDSC1,RPS6KA3
71;Pyrimethamine;GDSC1,DHFR
83;JW-7-52-1;GDSC1,MTOR
86;A-443654;GDSC1,AKT1;AKT2;AKT3
87;GW843682X;GDSC1,PLK1
88;Entinostat;GDSC1,HDAC1;HDAC3
89;Parthenolide;GDSC1,HDAC1
91;GSK319347A;GDSC1,IKBKB
94;TGX221;GDSC1,PIK3CB
104;Bortezomib;GDSC1,
106;XMD8-85;GDSC1,MAPK7;DNER
110;Seliciclib;GDSC1,CDK2;CDK7;CDK9
111;Salubrinal;GDSC1,EIF2A
119;Lapatinib;GDSC1,EGFR;ERBB2
127;GSK269962A;GDSC1,ROCK1;ROCK2
133;Doxorubicin;GDSC1,TOP2A
134;Etoposide;GDSC1,TOP2A
135;Gemcitabine;GDSC1,
136;Mitomycin-C;GDSC1,
140;Vinorelbine;GDSC1,
147;NSC-87877;GDSC1,PTPN11;PTPN6
150;Bicalutamide;GDSC1,AR
151;QS11;GDSC1,ARFGAP1
152;CP466722;GDSC1,ATM
153;Midostaurin;GDSC1,FGR;FLT1;PPK;PRKCA
154;CHIR-99021;GDSC1,GSK3A;GSK3B
155;Ponatinib;GDSC1,ABL1;FGFR1;FLT3;KDR;PDGFRA;SRC;TEK
156;AZD6482;GDSC1,PIK3CB
157;JNK-9L;GDSC1,MAPK10;MAPK9
158;PF-562271;GDSC1,PTK2;PTK2B
159;HG6-64-1;GDSC1,BRAF
163;JQ1;GDSC1,BRD2;BRD3;BRD4;BRDT
164;JQ12;GDSC1,HDAC1;HDAC2
165;DMOG;GDSC1,EGLN1;EGLN2;EGLN3
166;FTI-277;GDSC1,FNTA
167;OSU-03012;GDSC1,PDPK1
170;Shikonin;GDSC1,PKM2
171;AKT inhibitor VIII;GDSC1,AKT1;AKT2;AKT3
172;Embelin;GDSC1,XIAP
173;FH535;GDSC1,PPARD;PPARG
175;PAC-1;GDSC1,CASP3;CASP7
176;IPA-3;GDSC1,PAK1
177;GSK650394;GDSC1,SGK2;SGK3
178;BAY-61-3606;GDSC1,SYK
179;5-Fluorouracil;GDSC1,
180;Thapsigargin;GDSC1,ATP2A2
182;Obatoclax Mesylate;GDSC1,BCL2;BCL2L1;BCL2L2;MCL1
184;BMS-754807;GDSC1,IGF1R;INSR
185;Linsitinib;GDSC1,IGF1R;INSR
186;Bexarotene;GDSC1,
190;Bleomycin;GDSC1,
192;LFM-A13;GDSC1,BTK
193;GW-2580;GDSC1,CSF1R
194;Luminespib;GDSC1,HSP90AA1;HSP90AB1
196;Phenformin;GDSC1,KCNJ8
197;Bryostatin 1;GDSC1,PRKCA
199;Pazopanib;GDSC1,CSF1R;KIT;PDGFRA;PDGFRB
200;Dacinostat;GDSC1,HDAC1
201;Epothilone B;GDSC1,TUBB4B
202;GSK1904529A;GDSC1,IGF1R;INSR
203;BMS-345541;GDSC1,CHUK;IKBKB
204;Tipifarnib;GDSC1,FNTA
205;Avagacestat;GDSC1,APP
206;Ruxolitinib;GDSC1,JAK1;JAK2
207;AS601245;GDSC1,MAPK8;MAPK9
208;Ispinesib Mesylate;GDSC1,CDH16
211;TL-2-105;GDSC1,
219;AT-7519;GDSC1,CDK1;CDK2;CDK4;CDK6;CDK9
221;TAK-715;GDSC1,MAPK11;MAPK14
222;BX-912;GDSC1,PDPK1
223;ZSTK474;GDSC1,PIK3CA;PIK3CB;PIK3CD;PIK3CG
224;AS605240;GDSC1,PIK3CG
225;Genentech Cpd 10;GDSC1,AURKA;AURKB
226;GSK1070916;GDSC1,AURKA;AURKC
228;AKT inhibitor VIII;GDSC1,AKT1;AKT2;AKT3
229;Enzastaurin;GDSC1,PRKCB
230;GSK429286A;GDSC1,ROCK1;ROCK2
231;FMK;GDSC1,RPS6KA2
235;QL-XII-47;GDSC1,BMX;BTK
236;IC-87114;GDSC1,PIK3CD
238;Idelalisib;GDSC1,PIK3CD
245;UNC0638;GDSC1,EHMT1;EHMT2
249;Cabozantinib;GDSC1,AXL;FLT1;FLT3;FLT4;KIT;MET;RET;TEK
252;WZ3105;GDSC1,FLT3;IRAK1;NTRK2;ROCK2;SRC
253;XMD14-99;GDSC1,ALK;CDK7;LTK
254;Quizartinib;GDSC1,FLT3
255;CP724714;GDSC1,ERBB2
256;JW-7-24-1;GDSC1,LCK
257;NPK76-II-72-1;GDSC1,PLK3
258;STF-62247;GDSC1,
260;NG-25;GDSC1,MAP3K7;MAP4K2
261;TL-1-85;GDSC1,MAP3K7
262;VX-11e;GDSC1,MAPK1
263;FR-180204;GDSC1,MAPK1;MAPK3
264;ACY-1215;GDSC1,HDAC6
265;Tubastatin A;GDSC1,HDAC1;HDAC6;HDAC8
266;Zibotentan;GDSC1,EDNRA
268;Sepantronium bromide;GDSC1,BIRC5
269;NSC-207895;GDSC1,MDM4
271;VNLG/124;GDSC1,RARA;HDAC1;HDAC10;HDAC2;HDAC3;HDAC4;HDAC5;HDAC6;HDAC7;HDAC8;HDAC9
272;AR-42;GDSC1,HDAC1
273;CUDC-101;GDSC1,EGFR;ERBB2;HDAC1;HDAC10;HDAC2;HDAC3;HDAC4;HDAC5;HDAC6;HDAC7;HDAC8;HDAC9
274;Belinostat;GDSC1,HDAC1
275;I-BET-762;GDSC1,BRD2;BRD3;BRD4
276;CAY10603;GDSC1,HDAC1;HDAC6
277;Linifanib;GDSC1,CSF1R;FLT1;FLT3;FLT4;KDR;KIT
279;BIX02189;GDSC1,MAP2K5;MAPK7
281;Alectinib;GDSC1,ALK
282;Pelitinib;GDSC1,EGFR
283;Omipalisib;GDSC1,PIK3CA;PIK3CB;PIK3CD;PIK3CG;MTOR
284;JNJ38877605;GDSC1,MET
285;SU11274;GDSC1,MET
286;KIN001-236;GDSC1,TEK
287;KIN001-244;GDSC1,PDPK1
288;WHI-P97;GDSC1,JAK3
289;KIN001-042;GDSC1,GSK3B
290;KIN001-260;GDSC1,IKBKB
291;KIN001-266;GDSC1,MAP3K8
292;Masitinib;GDSC1,KIT;PDGFRA;PDGFRB
293;Amuvatinib;GDSC1,FLT3;KIT;PDGFRA
294;MPS-1-IN-1;GDSC1,TTK
295;NVP-BHG712;GDSC1,EPHB4
298;OSI-930;GDSC1,MEN1
299;OSI-027;GDSC1,MTOR
300;CX-5461;GDSC1,POLA1
301;PHA-793887;GDSC1,CDK2;CDK5;CDK7
302;PI-103;GDSC1,CLK4;DAPK3;HIPK2;PIK3CA;PIM3
303;PIK-93;GDSC1,PIK3CG
304;SB52334;GDSC1,ALK5
305;TPCA-1;GDSC1,IKBKB
306;Fedratinib;GDSC1,JAK2
308;Foretinib;GDSC1,MET;KDR;TIE2;FLT4;RON;PDGFR;FGFR1;EGFR;MST1R
309;Y-39983;GDSC1,ROCK1
310;YM201636;GDSC1,PIKFYVE
312;Tivozanib;GDSC1,FLT1;FLT4;KDR
317;WYE-125132;GDSC1,MTOR
326;GSK690693;GDSC1,AKT1;AKT2;AKT3
328;SNX-2112;GDSC1,HSP90AA1;HSP90AB1
329;QL-XI-92;GDSC1,DDR1
330;XMD13-2;GDSC1,RIPK1
331;QL-X-138;GDSC1,BTK
332;XMD15-27;GDSC1,CAMK2B
333;T0901317;GDSC1,NR1H3;NR1H4
341;Selisistat;GDSC1,SIRT1
342;Tenovin-6;GDSC1,SIRT1
344;THZ-2-49;GDSC1,CDK9
345;KIN001-270;GDSC1,CDK9
346;THZ-2-102-1;GDSC1,CDK7
356;AT7867;GDSC1,AKT1;AKT2;AKT3
362;CI-1033;GDSC1,EGFR;ERBB2;ERBB4
363;PF-00299804;GDSC1,EGFR;ERBB2;ERBB4
366;TWS119;GDSC1,GSK3B
371;Torin 2;GDSC1,MTOR
372;Pilaralisib;GDSC1,PIK3CA;PIK3CD;PIK3CG
374;GSK1059615;GDSC1,PIK3CA;PIK3CB;PIK3CD;PIK3CG;MTOR
375;Voxtalisib;GDSC1,PIK3CA;PIK3CB;PIK3CD;PIK3CG
"376;Brivanib, BMS-540215;GDSC1",KDR;PDGFRA;PDGFRB
380;BIBF-1120;GDSC1,KDR;PDGFRA;PDGFRB;FGFR
381;AST-1306;GDSC1,EGFR;ERBB4
382;Apitolisib;GDSC1,PIK3CA;PIK3CB;PIK3CD;PIK3CG;MTOR
406;LIMK1 inhibitor BMS4;GDSC1,LIMK1
407;kb NB 142-70;GDSC1,PRKD1
408;Sphingosine Kinase 1 Inhibitor II;GDSC1,SPHK1
"409;eEF2K Inhibitor, A-484954;GDSC1",EEF2K
"410;MetAP2 Inhibitor, A832234;GDSC1",METAP2
412;Venotoclax;GDSC1,BCL2
415;CPI-613;GDSC1,
416;CAY10566;GDSC1,SCD5
427;Ara-G;GDSC1,
428;Pemetrexed;GDSC1,TYMS
431;Alisertib;GDSC1,AURKA
432;Flavopiridol;GDSC1,CDK1;CDK2;CDK4;CDK6
435;C-75;GDSC1,FAS
"436;CAP-232, TT-232, TLN-232;GDSC1",
437;Trichostatin A;GDSC1,HDAC1;HDAC2;HDAC3;HDAC4;HDAC5;HDAC6;HDAC7;HDAC8;HDAC9
438;Panobinostat;GDSC1,HDAC1;HDAC10;HDAC2;HDAC3;HDAC4;HDAC5;HDAC6;HDAC7;HDAC8;HDAC9
439;LCL161;GDSC1,XIAP;BIRC2;BIRC3
442;IMD-0354;GDSC1,IKBKB
446;MIM1;GDSC1,MCL1
447;ETP-45835;GDSC1,MKNK1;MKNK2
449;CD532;GDSC1,AURKA
461;NSC319726;GDSC1,TP53
474;ARRY-520;GDSC1,KIF11
476;SB505124;GDSC1,TGFBR1;ACVR1B;ACVR1C
477;A-83-01;GDSC1,TGFB1;TGFB2;TGFB3
478;LDN-193189;GDSC1,
546;FTY-720;GDSC1,S1PR1
552;BAM7;GDSC1,BAX
562;AGI-6780;GDSC1,IDH2
563;Kobe2602;GDSC1,RAS
573;LGK974;GDSC1,PORCN
574;Wnt-C59;GDSC1,PORCN
576;RU-SKI 43;GDSC1,SHH
1001;AICA Ribonucleotide;GDSC1,PRKAA2
1003;Camptothecin;GDSC2,TOP1
1004;Vinblastine;GDSC1,
1004;Vinblastine;GDSC2,
1005;Cisplatin;GDSC1,BCHE;CYP2B6;CYP2C9
1005;Cisplatin;GDSC2,BCHE;CYP2B6;CYP2C9
1006;Cytarabine;GDSC1,POLB
1006;Cytarabine;GDSC2,POLB
1007;Docetaxel;GDSC1,
1007;Docetaxel;GDSC2,
1008;Methotrexate;GDSC1,DHFR
1008;Methotrexate;GDSC2,DHFR
1009;Tretinoin;GDSC1,RARA
1009;Tretinoin;GDSC2,RARA
1010;Gefitinib;GDSC1,EGFR
1010;Gefitinib;GDSC2,EGFR
1011;Navitoclax;GDSC1,BCL2;BCL2L1;BCL2L2
1011;Navitoclax;GDSC2,BCL2;BCL2L1;BCL2L2
1012;Vorinostat;GDSC1,HDAC1;HDAC10;HDAC2;HDAC3;HDAC4;HDAC5;HDAC6;HDAC7;HDAC8;HDAC9
1012;Vorinostat;GDSC2,HDAC1;HDAC10;HDAC2;HDAC3;HDAC4;HDAC5;HDAC6;HDAC7;HDAC8;HDAC9
1013;Nilotinib;GDSC1,ABL1
1013;Nilotinib;GDSC2,ABL1
1014;Refametinib;GDSC1,MAP2K1;MAP2K2
1014;Refametinib;GDSC2,MAP2K1;MAP2K2
1015;CI-1040;GDSC1,MAP2K1;MAP2K2
1016;Temsirolimus;GDSC1,MTOR
1016;Temsirolimus;GDSC2,MTOR
1017;Olaparib;GDSC1,PARP1;PARP2
1017;Olaparib;GDSC2,PARP1;PARP2
1018;Veliparib;GDSC1,PARP1;PARP2
1018;Veliparib;GDSC2,PARP1;PARP2
1019;Bosutinib;GDSC1,ABL1;SRC;TEC
1019;Bosutinib;GDSC2,ABL1;SRC;TEC
1020;Lenalidomide;GDSC1,CRBN
1020;Lenalidomide;GDSC2,CRBN
1021;Axitinib;GDSC1,FLT1;KIT;PDGFRA;PDGFRB
1021;Axitinib;GDSC2,FLT1;KIT;PDGFRA;PDGFRB
1022;AZD7762;GDSC1,CHEK1;CHEK2
1022;AZD7762;GDSC2,CHEK1;CHEK2
1023;GW441756;GDSC1,NTRK1
1023;GW441756;GDSC2,NTRK1
1024;Lestaurtinib;GDSC1,FLT3;JAK2;NTRK1;NTRK2;NTRK3
1024;Lestaurtinib;GDSC2,FLT3;JAK2;NTRK1;NTRK2;NTRK3
1025;SB216763;GDSC1,GSK3A;GSK3B
1025;SB216763;GDSC2,GSK3A;GSK3B
1026;Tanespimycin;GDSC1,HSP90AA1;HSP90AB1
1026;Tanespimycin;GDSC2,HSP90AA1;HSP90AB1
1028;VX-702;GDSC1,MAPK14
1029;Motesanib;GDSC1,FLT1;KIT;PDGFRA;PDGFRB;RET
1029;Motesanib;GDSC2,FLT1;KIT;PDGFRA;PDGFRB;RET
1030;KU-55933;GDSC1,ATM
1030;KU-55933;GDSC2,ATM
1031;Elesclomol;GDSC1,HSP90AA1;HSP90AB1
1031;Elesclomol;GDSC2,HSP90AA1;HSP90AB1
1032;Afatinib;GDSC1,EGFR;ERBB2
1032;Afatinib;GDSC2,EGFR;ERBB2
1033;Vismodegib;GDSC1,SMO
1033;Vismodegib;GDSC2,SMO
1034;Staurosporine;GDSC2,
1036;PLX-4720;GDSC1,BRAF
1036;PLX-4720;GDSC2,BRAF
1037;BX795;GDSC1,AURKB;AURKC;IKBKE;PDPK1;TBK1
1037;BX795;GDSC2,AURKB;AURKC;IKBKE;PDPK1;TBK1
1038;NU7441;GDSC1,PRKDC
1038;NU7441;GDSC2,PRKDC
1039;SL0101;GDSC1,AURKB;PIM1;PIM3;RPS6KA1;RPS6KA2;RPS6KA3
1039;SL0101;GDSC2,AURKB;PIM1;PIM3;RPS6KA1;RPS6KA2;RPS6KA3
1042;Doramapimod;GDSC1,MAPK14;MAPK9
1042;Doramapimod;GDSC2,MAPK14;MAPK9
1043;JNK Inhibitor VIII;GDSC1,MAPK8
1043;JNK Inhibitor VIII;GDSC2,MAPK8
1046;Wee1 Inhibitor;GDSC1,WEE1;CHEK1
1046;Wee1 Inhibitor;GDSC2,WEE1;CHEK1
1047;Nutlin-3a (-);GDSC1,MDM2
1047;Nutlin-3a (-);GDSC2,MDM2
1048;Mirin;GDSC1,MRE11
1048;Mirin;GDSC2,MRE11
1049;PD173074;GDSC1,FGFR1;FGFR2;FGFR3
1049;PD173074;GDSC2,FGFR1;FGFR2;FGFR3
1050;ZM447439;GDSC1,AURKA;AURKB
1050;ZM447439;GDSC2,AURKA;AURKB
1051;Alisertib;GDSC2,AURKA
1052;RO-3306;GDSC1,CDK1
1052;RO-3306;GDSC2,CDK1
1053;MK-2206;GDSC1,AKT1;AKT2
1053;MK-2206;GDSC2,AKT1;AKT2
1054;Palbociclib;GDSC1,CDK4;CDK6
1054;Palbociclib;GDSC2,CDK4;CDK6
1055;PF-477736;GDSC2,CHEK1;CHEK2;KDR;AURKA;FGFR3;FLT3
1056;GW843682X;GDSC2,PLK1
1057;Dactolisib;GDSC1,PIK3CA;PIK3CB;PIK3CD;PIK3CG;MTOR
1057;Dactolisib;GDSC2,PIK3CA;PIK3CB;PIK3CD;PIK3CG;MTOR
1058;Pictilisib;GDSC1,PIK3CA;PIK3CB;PIK3CD;PIK3CG
1058;Pictilisib;GDSC2,PIK3CA;PIK3CB;PIK3CD;PIK3CG
1059;AZD8055;GDSC1,MTOR
1059;AZD8055;GDSC2,MTOR
1060;PD0325901;GDSC1,MAP2K1;MAP2K2
1060;PD0325901;GDSC2,MAP2K1;MAP2K2
1061;SB590885;GDSC1,BRAF
1061;SB590885;GDSC2,BRAF
1062;Selumetinib;GDSC1,MAP2K1;MAP2K2
1062;Selumetinib;GDSC2,MAP2K1;MAP2K2
1064;Sonolisib;GDSC2,PIK3CA;PIK3CD;PIK3CG
1066;AZD6482;GDSC1,PIK3CB
1067;CCT007093;GDSC1,PPM1D
1067;CCT007093;GDSC2,PPM1D
1068;Obatoclax Mesylate;GDSC2,BCL2;BCL2L1;BCL2L2;MCL1
1069;EHT-1864;GDSC1,RAC1;RAC2;RAC3
1069;EHT-1864;GDSC2,RAC1;RAC2;RAC3
1072;Avagacestat;GDSC1,APP
1072;Avagacestat;GDSC2,APP
1073;5-Fluorouracil;GDSC2,
1074;Carboplatin;GDSC2,
1078;Imatinib;GDSC2,ABL1;KIT;PDGFRA
1079;Dasatinib;GDSC2,ABL1;KIT;PDGFRA;PDGFRB;SRC
1080;Paclitaxel;GDSC2,BCL2;TUBB1
1081;Sunitinib;GDSC2,PDGFRA;PDGFRB;KIT;FLT1;FLT3;RET;CSF1R
1082;Seliciclib;GDSC2,CDK2;CDK7;CDK9
1083;Crizotinib;GDSC2,ALK;MET;ROS1
1084;Rapamycin;GDSC2,MTOR
1085;Sorafenib;GDSC2,FLT1;KIT;PDGFRA;PDGFRB;RAF1
1086;BI-2536;GDSC2,PLK1;PLK2;PLK3
1088;Irinotecan;GDSC2,TOP1
1089;Oxaliplatin;GDSC2,
1090;Topotecan;GDSC2,TOP1
1091;BMS-536924;GDSC1,IGF1R;INSR
1091;BMS-536924;GDSC2,IGF1R;INSR
1092;Saracatinib;GDSC2,ABL1;SRC
1093;GSK1904529A;GDSC2,IGF1R;INSR
1094;PHA-665752;GDSC2,MET
1096;Tozasertib;GDSC2,AURKC;AURKA;AURKB;RIPK1
1114;Cetuximab;GDSC1,EGFR
1116;AKT inhibitor VIII;GDSC2,AKT1;AKT2;AKT3
1129;PF-4708671;GDSC1,RPS6KB1
1129;PF-4708671;GDSC2,RPS6KB1
1131;PRIMA-1MET;GDSC2,TP53
1133;Serdemetan;GDSC1,MDM2
1133;Serdemetan;GDSC2,MDM2
1134;Enzastaurin;GDSC2,PRKCB
1135;AZD4547;GDSC1,FGFR1;FGFR2;FGFR3
1136;Capivasertib;GDSC1,AKT1;AKT2;AKT3
1142;HG-5-113-01;GDSC1,ABL1;LTK;STK10
1143;HG-5-88-01;GDSC1,EGFR;COQ8B
1149;TW 37;GDSC1,BCL2;BCL2L1;MCL1
1149;TW 37;GDSC2,BCL2;BCL2L1;MCL1
1150;Embelin;GDSC2,XIAP
1158;XMD11-85h;GDSC1,BRSK2;FLT4;MARK4;PRKCD;RET;SRPK1
1161;ZG-10;GDSC1,MAPK8
1164;XMD8-92;GDSC1,MAPK7
1166;QL-VIII-58;GDSC1,ATR;MTOR
1168;Erlotinib;GDSC2,EGFR
1169;AZ628;GDSC2,BRAF;RAF1
1170;CCT-018159;GDSC1,HSP90AA1;HSP90AB1
1170;CCT-018159;GDSC2,HSP90AA1;HSP90AB1
1175;Rucaparib;GDSC1,PARP1;PARP2
1175;Rucaparib;GDSC2,PARP1;PARP2
1177;Niraparib;GDSC2,PARP1;PARP2
1179;MK-1775;GDSC2,WEE1;PLK1
1180;Dinaciclib;GDSC2,CDK1;CDK2;CDK5;CDK9
1184;AZ20;GDSC1,ATR
1185;KU-60019;GDSC1,ATM
1189;Doxorubicin;GDSC2,TOP2A
1190;Gemcitabine;GDSC2,
1191;Bortezomib;GDSC2,
1192;GSK269962A;GDSC1,ROCK1;ROCK2
1192;GSK269962A;GDSC2,ROCK1;ROCK2
1193;UNC0638;GDSC2,EHMT1;EHMT2
1194;SB505124;GDSC1,TGFBR1;ACVR1B;ACVR1C
1194;SB505124;GDSC2,TGFBR1;ACVR1B;ACVR1C
1199;Tamoxifen;GDSC1,ESR1
1199;Tamoxifen;GDSC2,ESR1
1200;Fulvestrant;GDSC2,ESR1
1201;Anastrozole;GDSC2,CYP19A1
1203;QL-XII-61;GDSC1,BMX;BTK
1218;JQ1;GDSC1,BRD2;BRD3;BRD4;BRDT
1219;PFI-1;GDSC1,BRD4
1230;IOX2;GDSC1,EGLN1
1236;UNC0638;GDSC1,EHMT1;EHMT2
1237;EPZ004777;GDSC2,DOT1L
1239;YK-4-279;GDSC1,DHX9
1239;YK-4-279;GDSC2,DHX9
1241;CHIR-99021;GDSC1,GSK3A;GSK3B
1242;(5Z)-7-Oxozeaenol;GDSC1,MAP3K7
1243;Piperlongumine;GDSC1,
1243;Piperlongumine;GDSC2,
1248;Daporinad;GDSC1,NAMPT
1248;Daporinad;GDSC2,NAMPT
1249;BMS-345541;GDSC2,CHUK;IKBKB
1250;AZ960;GDSC2,JAK2;JAK3
1259;Talazoparib;GDSC1,PARP1;PARP2
1259;Talazoparib;GDSC2,PARP1;PARP2
1261;rTRAIL;GDSC1,
1262;UNC1215;GDSC1,L3MBTL3
1263;UNC0642;GDSC1,EHMT1;EHMT2
1264;SGC0946;GDSC1,DOT1L
1266;ICL1100013;GDSC1,NMT1;NMT2
1268;XAV939;GDSC1,TNKS;TNKS2
1268;XAV939;GDSC2,TNKS;TNKS2
1371;PLX-4720;GDSC1,BRAF
1372;Trametinib;GDSC1,MAP2K1;MAP2K2
1372;Trametinib;GDSC2,MAP2K1;MAP2K2
1373;Dabrafenib;GDSC1,BRAF
1373;Dabrafenib;GDSC2,BRAF
1374;Dabrafenib (1373) + Trametinib (1372);GDSC1,
1375;Temozolomide;GDSC1,
1375;Temozolomide;GDSC2,
1376;Olaparib(1495) + Temozolomide(1375);GDSC1,
1377;Afatinib;GDSC1,EGFR;ERBB2
1378;Bleomycin (50 uM);GDSC1,
1378;Bleomycin (50 uM);GDSC2,
1382;AZD3514;GDSC1,AR
1386;Doxorubicin;GDSC1,TOP2A
1392;Bleomycin (10 uM);GDSC1,
1393;Gemcitabine;GDSC1,
1394;AZD6738;GDSC1,ATR
1401;AZD5438;GDSC1,CDK2
1402;AZD7762;GDSC1,CHEK1;CHEK2
1403;AZD6094;GDSC1,MET
1407;Dyrk1b_0191;GDSC1,DYRK1B
1409;AZD4877;GDSC1,KIF11
1413;EphB4_9721;GDSC1,EPHB4
1414;Fulvestrant;GDSC1,ESR1
1416;AZD8931;GDSC1,ERBB1;ERBB2;ERBB3
1419;FEN1_3940;GDSC1,FEN1
1421;FGFR_0939;GDSC1,FGFR4
1422;FGFR_3831;GDSC1,FGFR1;FGFR2;FGFR3;FGFR4
1425;BPTES;GDSC1,GLS
1426;AZD7969;GDSC1,GSK3B
1427;AZD5582;GDSC1,BIRC2;BIRC3;XIAP
1428;IAP_5620;GDSC1,BIRC2;BIRC3;XIAP
1429;IAP_7638;GDSC1,BIRC2;BIRC3;XIAP
1430;IGFR_3801;GDSC1,IGF1R
1432;AZD1480;GDSC1,JAK1;JAK2
1433;JAK1_3715;GDSC1,JAK1
1434;JAK3_7406;GDSC1,JAK3
1436;MCT1_6447;GDSC1,MCTS1
1437;MCT4_1422;GDSC1,MCT4
1441;AZD2014;GDSC1,MTOR
1444;AZD8186;GDSC1,PIK3CD;PIK3CB
1445;AZD8835;GDSC1,PIK3CA;PIK3CD
1446;PI3Ka_4409;GDSC1,PIK3CA;PIK3CD
1449;AZD1208;GDSC1,PIM1;PIM2;PIM3
1451;PLK_6522;GDSC1,PLK1;PLK2;PLK3
1453;RAF_9304;GDSC1,ARAF;BRAF;RAF1
1458;PARP_9495;GDSC1,PARP1;PARP2;PARP7
1459;PARP_0108;GDSC1,PARP1;PARP2;PARP6
1460;PARP_9482;GDSC1,PARP1;PARP2;PARP5A
1461;TANK_1366;GDSC1,TNKS;TNKS2
1463;AZD1332;GDSC1,NTRK1;NTRK2;NTRK3
1464;TTK_3146;GDSC1,TTK
1490;SN-38;GDSC1,TOP1
1494;SN-38;GDSC1,TOP1
1494;SN-38;GDSC2,TOP1
1495;Olaparib;GDSC1,PARP1;PARP2
1496;Cisplatin;GDSC1,BCHE;CYP2B6;CYP2C9
1497;AZD4547;GDSC1,FGFR1;FGFR2;FGFR3
1498;Selumetinib;GDSC1,MAP2K1;MAP2K2
1502;Bicalutamide;GDSC1,AR
1502;Bicalutamide;GDSC2,AR
1504;PF-562271;GDSC2,PTK2B;PTK2
1506;PAC-1;GDSC2,CASP3;CASP7
1507;Ruxolitinib;GDSC2,JAK1;JAK2
1510;Linsitinib;GDSC2,IGF1R;INSR
1511;Epirubicin;GDSC2,TOP2A
1512;Cyclophosphamide;GDSC2,
1514;Everolimus;GDSC2,MTORC1
1515;Picrotin;GDSC1,GLRA1;GLRA2;GLRA3
1516;Cymarine;GDSC1,
1517;Ginkgolide A;GDSC1,"GABBR1, GABBR2"
1518;Lasalocid;GDSC1,
1519;Novobiocin-sodium;GDSC1,TOP2A; HSP90AB1;HSP90AA1
1520;Latamoxef;GDSC1,
1525;VER-155008;GDSC1,
1526;Refametinib;GDSC1,MAP2K1;MAP2K2
1527;Pictilisib;GDSC1,PIK3CA;PIK3CB;PIK3CD;PIK3CG
1529;Pevonedistat;GDSC1,NAE1
1529;Pevonedistat;GDSC2,NAE1
1530;PFI-3;GDSC1,PBRM1;SMARCA2;SMARCA4
1534;Paclitaxel (0.001);GDSC1,
1535;Paclitaxel (0.005);GDSC1,
1543;SN-38;GDSC1,TOP1
1544;SN-38;GDSC1,TOP1
1545;SN-38;GDSC1,TOP1
1546;SN-38;GDSC1,TOP1
1547;SN-38;GDSC1,TOP1
1548;DBeQ;GDSC1,VCP
1549;Sapatinib;GDSC2,EGFR;ERBB2;ERBB3
1550;Glipizide;GDSC1,
1551;Splitomycin;GDSC1,SIRT1
1552;Panzem;GDSC1,GPER1
1553;Uprosertib;GDSC2,AKT1;AKT2;AKT3
1554;GSK923295;GDSC1,CENPE
1557;LCL161;GDSC2,XIAP;BIRC2;BIRC3
1558;Lapatinib;GDSC2,EGFR;ERBB2
1559;Luminespib;GDSC2,HSP90AA1;HSP90AB1
1560;Alpelisib;GDSC2,PIK3CA
1561;Taselisib;GDSC2,PIK3CA;PIK3CD;PIK3CG
1562;RI-1;GDSC2,RAD51
1563;EPZ5676;GDSC2,DOT1L
1564;SCH772984;GDSC2,MAPK1;MAPK3
1576;IWP-2;GDSC2,PORCN
1578;Leflunomide;GDSC2,DHODH
1579;GSK2334470;GDSC2,PDPK1
1593;Entinostat;GDSC2,HDAC1;HDAC3
1594;OSI-027;GDSC2,MTOR
1598;LGK974;GDSC2,PORCN
1613;VE-822;GDSC2,ATR
1614;WZ4003;GDSC2,NUAK1;NUAK2
1615;CZC24832;GDSC2,PIK3CG
1616;NSC-624206;GDSC2,UBA1;UBA2;UBA3;UBA5;UBA6;UBA7;ATG7;NAE1;SAE1
1617;AZD5582;GDSC2,XIAP;BIRC2;BIRC3
1618;GSK2606414;GDSC2,EIF2AK3
1619;SZL-P1-41;GDSC2,SKP2
1620;PFI3;GDSC2,PBRM1;SMARCA2;SMARCA4
1621;PCI-34051;GDSC2,HDAC1;HDAC6;HDAC8
1622;Wnt-C59;GDSC2,PORCN
1624;I-BET-762;GDSC2,BRD2;BRD3;BRD4
1625;RVX-208;GDSC2,BRD4
1626;OTX015;GDSC2,BRD2;BRD3;BRD4
1627;GSK343;GDSC2,EZH2
1628;UNC1999;GDSC2,EZH1;EZH2
1629;ML323;GDSC2,USP1;WDR48
1630;Entospletinib;GDSC2,SYK
1631;PRT062607;GDSC2,SYK
1632;Ribociclib;GDSC2,CDK4;CDK6
1633;Abemaciclib;GDSC2,CDK4;CDK6
1634;AGI-6780;GDSC2,IDH1
1635;Picolinici-acid;GDSC2,
1735;AZD1775;GDSC2,WEE1
1786;AZD4547;GDSC2,FGFR1;FGFR2;FGFR3
1787;BAY-87-2243;GDSC2,HIF1A
1788;PRIMA-1;GDSC2,TP53
1789;Phenergan;GDSC2,HRH1
1790;Tirapazamine;GDSC2,
1791;AT-7519;GDSC2,CDK1;CDK2;CDK4;CDK6;CDK9
1792;BAY-61-3606;GDSC2,SYK
1793;BX-912;GDSC2,PDPK1
1794;Idelalisib;GDSC2,PIK3CD
1796;Etoposide;GDSC2,TOP2A
1797;Daraprim;GDSC2,DHFR
1798;Ispinesib Mesylate;GDSC2,CDH16
1799;Ibrutinib;GDSC2,BTK
1800;IRAK1-4-Inhibitor-I;GDSC2,IRAK1;IRAK4
1849;Sabutoclax;GDSC2,BCL2;BCL2A1;BCL2L1;MCL1
1850;Tepotinib;GDSC2,MET
1851;Ceritinib;GDSC2,ALK
1852;LY2109761;GDSC2,TGFB1
1853;OF-1;GDSC2,BRD1;BRPF1B
1854;MN-64;GDSC2,TNKS;TNKS2
1855;KRAS (G12C) Inhibitor-12;GDSC2,KRAS
1856;SF1670;GDSC2,PTEN
1857;Ravoxertinib;GDSC2,MAPK1;MAPK3
1858;XL413;GDSC2,CDC7;PIM1;CK2
1862;MG-132;GDSC2,
1864;R428;GDSC2,AXL
1866;BDP-00009066;GDSC2,CDC42BPB
1867;Panobinostat;GDSC2,HDAC1
1868;Quizartinib;GDSC2,FLT3
1869;Selinexor;GDSC2,XPO1
1871;Quercetin;GDSC2,NQO2
1872;Midostaurin;GDSC2,PRKCA;PRKCB;PRKCG;SYK;KDR;AKT1;AKT2;AKT3;PRKACA;PRKACB;PRKACG;KIT;FGR;SRC;FLT3;PDGFRB;FLT1;KDR
1873;Buparlisib;GDSC2,PIK3CA;PIK3CB;PIK3CD;PIK3CG
1908;Ulixertinib;GDSC2,MAPK1;MAPK3
1909;Venetoclax;GDSC2,BCL2
1910;ABT737;GDSC2,BCL2;BCL2A1;BCL2L1;BCL2L10;BCL2L2
1911;Dactinomycin;GDSC2,
1912;Afuresertib;GDSC2,AKT1;AKT2;AKT3
1913;AGI-5198;GDSC2,IDH1
1915;AZD3759;GDSC2,EGFR
1916;AZD5363;GDSC2,AKT1;AKT2;AKT3;ROCK2
1917;AZD6738;GDSC2,ATR
1918;AZD8186;GDSC2,PIK3CA;PIK3CB
1919;Osimertinib;GDSC2,EGFR
1922;Cediranib;GDSC2,FGFR1;FLT1;FLT3;FLT4;KIT;PDGFRB
1923;Nazartinib;GDSC2,EGFR
1924;Ipatasertib;GDSC2,AKT1;AKT3
1925;GDC0810;GDSC2,ESR1;ESR2
1926;GNE-317;GDSC2,PIK3CA;PIK3CB;PIK3CD;PIK3CG
1927;GSK2578215A;GDSC2,LRRK2
1928;I-BRD9;GDSC2,BRD9
1929;PIM447;GDSC2,PIM1;PIM2;PIM3
1930;Telomerase Inhibitor IX;GDSC2,TERT
1931;MIRA-1;GDSC2,TP53
1932;NVP-ADW742;GDSC2,IGF1R
1933;P22077;GDSC2,USP7;USP47
1934;P5091;GDSC2,USP7;USP47
1936;Savolitinib;GDSC2,MET
1937;S-crizotinib;GDSC2,NUDT1
1938;Tretinoin;GDSC2,RARA
1939;UMI-77;GDSC2,MCL1
1940;WIKI4;GDSC2,TNKS;TNKS2
1941;Sepantronium bromide;GDSC2,BIRC5
1942;Pexidartinib;GDSC2,KIT
1944;LY2584702;GDSC2,RPS6KB1
1945;Taselisib;GDSC2,PIK3CA;PIK3CD;PIK3CG
1946;MIK-665 / S-64315;GDSC2,MCL1
1947;entospletinib;GDSC2,SYK
1949;Venetoclax;GDSC2,BCL2
1954;ASLAN002;GDSC2,MET;AXL;MST1R;TYRO3
1956;MCL1_1284;GDSC2,MCL1
1957;Abemaciclib;GDSC2,CDK4;CDK6
1958;Merestinib;GDSC2,MET;MST1R
1959;SYK_1543;GDSC2,SYK
1960;SYK_9721;GDSC2,SYK
1961;UNC-2025;GDSC2,FLT3
1962;Sapanisertib;GDSC2,MTOR
1964;CB-839;GDSC2,GLS
1965;AZD4205;GDSC2,JAK1
1966;KIT_6754;GDSC2,KIT
1967;SMG1_1789;GDSC2,SMG1
1968;ERK_5051;GDSC2,MAPK1;MAPK3
1970;ERK_6197;GDSC2,MAPK1;MAPK3
1971;Serabelisib;GDSC2,PIK3CA
1972;Ravoxertinib;GDSC2,MAPK1;MAPK3
1973;KRASi;GDSC2,KRAS
1975;BVD523;GDSC2,MAPK1;MAPK3
1980;IRAK4_1495;GDSC2,IRAK4
1982;PLK4_0066;GDSC2,PLK4
1985;IRAK4_7891;GDSC2,IRAK4
1986;IRAK4_8366;GDSC2,IRAK4
1987;BCLXL_3202;GDSC2,BCL2L1
1989;Imatinib;GDSC2,KIT
1990;BCL6_7224;GDSC2,BCL6
1991;Ibrutinib;GDSC2,BTK
1993;THZ1;GDSC2,CDK7
1995;A-1210477;GDSC2,MCL1
1996;MIM1;GDSC2,MCL1
1997;WEHI-539;GDSC2,BCL2L1
1998;BPD-00008900;GDSC2,
2013;CDK12_8969;GDSC2,CDK12
2014;Brigatinib;GDSC2,EGFR;ALK
2015;Olmutinib;GDSC2,EGFR
2016;EGFR_5383;GDSC2,EGFR
2018;PDGFR_5313;GDSC2,PDGFRA;PDGFRB
2020;Poziotinib;GDSC2,EGFR;ERBB2
2021;EGF816;GDSC2,EGFR
2022;PF-06747775;GDSC2,EGFR
2023;PDGFR_0615;GDSC2,PDGFRA;FLT1
2024;KIT_5808;GDSC2,KIT
2026;KIT_7208;GDSC2,KIT
2027;CDK12_1992;GDSC2,CDK12
2028;STAT3_2372;GDSC2,STAT3
2034;RAF_7242;GDSC2,RAF1
2040;Foretinib;GDSC2,EGFR;FGFR1;FLT4;KDR;MET;MST1R;PDGFRA;PDGFRB;ROS1;TEK
2041;GSK126;GDSC2,EZH2
2042;Deltarasin;GDSC2,KRAS;PDE6D
2043;BIBR-1532;GDSC2,TERT
2044;Pyridostatin;GDSC2,
2045;AMG-319;GDSC2,PIK3CA;PIK3CD;PIK3CG
2046;MK-8776;GDSC2,CDK2;CHEK1;CHEK2
2047;Ulixertinib;GDSC2,MAPK1;MAPK3
2048;Vinorelbine;GDSC2,
2063;LTT462;GDSC2,MAPK1;MAPK3
2066;Rociletinib;GDSC2,EGFR
2071;Menin_MLL_8690;GDSC2,MEN1
2074;EGFR_0300;GDSC2,EGFR
2075;EGFR_8897;GDSC2,EGFR
2076;ERK_5330;GDSC2,MAPK1;MAPK3
2077;CDK7_8454;GDSC2,CDK7
2078;Senexin B;GDSC2,CDK8
2079;CDK12_5078;GDSC2,CDK12
2080;Menin_MLL_8687;GDSC2,MEN1
2081;CDK12_2242;GDSC2,CDK12
2084;CCT251545;GDSC2,CDK8;CDK19
2090;EGFR_7518;GDSC2,EGFR
2093;Capivasertib;GDSC2,AKT1;AKT2;AKT3
2096;VX-11e;GDSC2,MAPK1
2097;PHA-793887;GDSC2,CDK7;CDK2;CDK5
2098;NSC635973;GDSC2,BRAF
2099;Parthenolide;GDSC2,HDAC1
2100;Pazopanib;GDSC2,CSF1R;PDGFRB;PDGFRA;KIT;EGFR
2101;PI-103;GDSC2,CLK4;PIM3;HIPK2;DAPK3;PIK3CA
2103;Capmatinib;GDSC2,MET
2104;Tivozanib;GDSC2,FLT4;FLT1;KDR
2105;GSK1070916;GDSC2,AURKA;AURKC
2106;Uprosertib;GDSC2,AKT1;AKT2;AKT3
2107;LJI308;GDSC2,RPS6KA1;RPS6KA2;RPS6KA3
2108;PD0166285;GDSC2,WEE1;CHEK1;PKMYT1
2109;AZ6102;GDSC2,TNKS;TNKS2
2110;GSK591;GDSC2,PMRT5
2111;VE821;GDSC2,ATR
2125;Mcl1_7350;GDSC2,MCL1
2127;Mcl1_6386;GDSC2,MCL1
2150;AZD0156;GDSC2,ATM
2151;PLX7904;GDSC2,BRAF
2152;I-BET151;GDSC2,BRD2;BRD3;BRD4
2153;S63845;GDSC2,MCL1
2160;Volasertib;GDSC2,PLK1;PLK2;PLK3
2161;Rigosertib;GDSC2,PLK1
2162;Danusertib;GDSC2,AURKA;AURKB;AURKC;ABL1;RET;FGFR1;NTRK1
2163;Fenretinide;GDSC2,
2164;BLU9931;GDSC2,FGFR4
2166;Entrectinib;GDSC2,ALK;ROS;NTRK1;NTRK2;NTRK3
2168;Ponatinib;GDSC2,ABL1;PDGFRA;PDGFRB;KDR;FGFR1;SRC
2169;AZD6482;GDSC2,PIK3CB
2170;AT13148;GDSC2,AKT1
2171;BMS-754807;GDSC2,IGF1R;INSR
2172;JQ1;GDSC2,BRD2;BRD3;BRD4;BRDT
2173;PFI-1;GDSC2,BRD4
2174;IOX2;GDSC2,EGLN1
2175;CHIR-99021;GDSC2,GSK3A;GSK3B
2176;UNC0642;GDSC2,EHMT1;EHMT2
2177;SGC0946;GDSC2,DOT1L
2178;GSK2830371A;GDSC2,PPM1D
2179;Mycophenolic acid;GDSC2,
2180;GSK-LSD1-2HCl ;GDSC2,KDM1A
2181;5-azacytidine;GDSC2,
2182;A-366;GDSC2,EHMT1;EHMT2
2183;CPI-637;GDSC2,EP300
2184;UNC0379;GDSC2,SETD8
2220;Regorafenib;GDSC2,KIT
2235;AZD5991;GDSC2,MCL1
2243;AZD6738;GDSC2,ATR
2252;Selumetinib;GDSC2,MAP2K1;MAP2K2
2253;AZD8835;GDSC2,PIK3CA;PIK3CB
2254;GSK2292767;GDSC2,PIK3CD
2255;RK-33;GDSC2,DDX3X
2256;Kobe0065;GDSC2,CYC1;MT-CYB;UQCRB;UQCRC1;UQCRC2;UQCRFS1;UQCRH;UQCRQ;UQCR10;UQCR11
2257;EAI045;GDSC2,EGFR
2258;LLY-507;GDSC2,SMYD2
2259;BI-9564;GDSC2,BRD7;BRD9
2260;BI-7273;GDSC2,BRD9
2261;Barasertib;GDSC2,AURKB
2265;Galunisertib;GDSC2,TGFBR1
2266;GSK484;GDSC2,PADI4
2268;VX-745;GDSC2,MAPK14
2269;(R)-PFI-2;GDSC2,SETD7
2270;BAY-598;GDSC2,SMYD2
2271;CP-724714;GDSC2,ERBB2
2272;MK-5108;GDSC2,AURKA
2273;CPI-360;GDSC2,EZH2
2274;A-196;GDSC2,KMT5B;KMT5C
2276;EPZ015666;GDSC2,PRMT5
2277;OICR-9429;GDSC2,WDR5
2279;CPI-169;GDSC2,EZH1;EZH2
2280;GSK481;GDSC2,RIPK1
2281;CCT251545;GDSC2,CDK8;CDK19
2282;Romidepsin;GDSC2,HDAC1;HDAC2;HDAC3;HDAC8
2283;CGI1746;GDSC2,BTK
2284;MS023;GDSC2,PRMT1;PRMT3;CARM1;PRMT6;PRMT8
2286;AX15836;GDSC2,MAPK7
2288;SGC707;GDSC2,PRMT3
2289;GSK583;GDSC2,RIPK2
2290;EPZ011989;GDSC2,EZH1;EZH2
2291;MZ1;GDSC2,BRD4
2292;Tofacitinib;GDSC2,JAK1;JAK2;JAK3
2293;AMG900;GDSC2,AURKA;AURKB;AURKC
2294;EI1;GDSC2,EZH2
2295;NVS-PAK1-1;GDSC2,PAK1
2296;GDC-0879;GDSC2,BRAF
2297;SGX-523;GDSC2,MET
2298;AZD1152-HQPA;GDSC2,AURKB
2299;VH298;GDSC2,VHL
2300;JNK-IN-8;GDSC2,MAPK8;MAPK9;MAPK10
2302;Skepinone-L;GDSC2,MAPK14
2303;G-5555;GDSC2,PAK1
2304;BMS-911543;GDSC2,JAK2
2305;GNF-5;GDSC2,
2306;Filgotinib;GDSC2,JAK1
2307;PF-CBP1;GDSC2,CREBBP
2308;PF-3644022;GDSC2,MAPKAPK2
2309;AC220;GDSC2,FLT3
2310;EPZ-6438;GDSC2,EZH2
2312;PDD00017273;GDSC2,PARG
2313;THZ1;GDSC2,CDK7
2315;GNE7915;GDSC2,LRRK2
2316;eCF309;GDSC2,MTOR
2317;BMX-IN-1;GDSC2,BMX
2318;E7449;GDSC2,PARP1;PARP2;TNKS;TNKS2
2319;Tubacin;GDSC2,HDAC6
2320;GSK864;GDSC2,MEN1
2321;Salvinorin A;GDSC2,OPRK1
2322;KH-CB19;GDSC2,CLK1;CLK4;DYRK1A
2323;A-1155463;GDSC2,BCL2L1
2324;CCT244747;GDSC2,CHEK1
2325;HG-9-91-01;GDSC2,SIK1;SIK2;SIK3
2326;EPZ020411;GDSC2,PRMT6
2327;BIX-02188;GDSC2,MAP2K5
2328;RGFP966;GDSC2,HDAC3
2329;BAZ2-ICR;GDSC2,BAZ2A;BAZ2B
2330;AZ191;GDSC2,DYRK1B
2331;PF-3758309;GDSC2,PAK1;PAK4;PAK5;PAK6
2332;UNC2025;GDSC2,MERTK;FLT3
2333;ACY-738;GDSC2,HDAC6
2354;MCL1_8070;GDSC2,MCL1
2359;GSK2830371;GDSC2,PPM1D
2363;NSC617145;GDSC2,WRN
2365;ML216;GDSC2,BLM
2459;Rabusertib;GDSC2,CHEK1
2460;Prexasertib;GDSC2,CHEK1;CHEK2
2463;Verteporfin;GDSC2,YAP1
2466;CA3;GDSC2,YAP1
2502;CCT241533;GDSC2,CHEK2
2503;Tenalisib;GDSC2,PIK3CD;PIK3CG
2504;LLY-283;GDSC2,PRMT5
2505;Alisertib;GDSC2,AURKA
2508;Trametinib;GDSC2,MAP2K1;MAP2K2
2509;Taselisib;GDSC2,PIK3CA;PIK3CD;PIK3CG
2510;AZD1390;GDSC2,ATM
2638;AZD5991;GDSC2,
